Sector,Return
Consumer Discretionary,113.30539932556509
Telecom,69.599048957095
Automobile,54.526537075105274
Energy,46.012510676382014
IT,38.27595416662726
Capital Goods,37.447641171495995
Services,36.72720712051961
Healthcare,32.40411866244702
Metals & Mining,29.03727290688693
Materials,16.939295681029176
Financial Services,11.50427809650684
Consumer Staples,5.057908753362938
